ClientID,Timestamp,Operation,Latency_us,Success
client2-1746554320211107968,2025-05-06T13:58:40.229885882-04:00,read,676,false
client3-1746554320211116414,2025-05-06T13:58:40.230100547-04:00,read,691,false
client0-1746554320211099953,2025-05-06T13:58:40.23994077-04:00,write,10976,true
client2-1746554320211107968,2025-05-06T13:58:40.23995673-04:00,read,555,false
client1-1746554320211106125,2025-05-06T13:58:40.242020932-04:00,write,13071,true
client0-1746554320211099953,2025-05-06T13:58:40.244282266-04:00,write,4324,true
client1-1746554320211106125,2025-05-06T13:58:40.245477359-04:00,write,3427,true
client0-1746554320211099953,2025-05-06T13:58:40.250459122-04:00,read,846,true
client1-1746554320211106125,2025-05-06T13:58:40.253249853-04:00,write,3625,true
client4-1746554320211117717,2025-05-06T13:58:40.25466937-04:00,write,24785,true
client4-1746554320211117717,2025-05-06T13:58:40.258138631-04:00,write,3463,true
client0-1746554320211099953,2025-05-06T13:58:40.259951639-04:00,read,729,true
client1-1746554320211106125,2025-05-06T13:58:40.262391419-04:00,write,3177,true
client4-1746554320211117717,2025-05-06T13:58:40.263476905-04:00,write,3652,true
client1-1746554320211106125,2025-05-06T13:58:40.270335467-04:00,read,716,true
client0-1746554320211099953,2025-05-06T13:58:40.270359773-04:00,read,731,true
client0-1746554320211099953,2025-05-06T13:58:40.282740465-04:00,write,3096,true
client1-1746554320211106125,2025-05-06T13:58:40.28394679-04:00,write,4288,true
client0-1746554320211099953,2025-05-06T13:58:40.289739291-04:00,read,650,true
client1-1746554320211106125,2025-05-06T13:58:40.289752145-04:00,read,672,true
client4-1746554320211117717,2025-05-06T13:58:40.294779173-04:00,write,24960,true
client4-1746554320211117717,2025-05-06T13:58:40.298140581-04:00,write,3354,true
client0-1746554320211099953,2025-05-06T13:58:40.302744371-04:00,write,3519,true
client1-1746554320211106125,2025-05-06T13:58:40.303789201-04:00,write,4555,true
client0-1746554320211099953,2025-05-06T13:58:40.312954682-04:00,write,4060,true
client1-1746554320211106125,2025-05-06T13:58:40.314854213-04:00,write,5768,true
client0-1746554320211099953,2025-05-06T13:58:40.31963155-04:00,read,632,true
client1-1746554320211106125,2025-05-06T13:58:40.323613448-04:00,write,4603,true
client4-1746554320211117717,2025-05-06T13:58:40.324952933-04:00,write,24319,true
client4-1746554320211117717,2025-05-06T13:58:40.325605373-04:00,read,645,true
client4-1746554320211117717,2025-05-06T13:58:40.333327393-04:00,write,3568,true
client1-1746554320211106125,2025-05-06T13:58:40.334537735-04:00,write,4775,true
client4-1746554320211117717,2025-05-06T13:58:40.340638066-04:00,read,773,true
client0-1746554320211099953,2025-05-06T13:58:40.340798789-04:00,read,11048,true
client1-1746554320211106125,2025-05-06T13:58:40.343648893-04:00,write,3973,true
client0-1746554320211099953,2025-05-06T13:58:40.344737285-04:00,write,3934,true
client4-1746554320211117717,2025-05-06T13:58:40.35063281-04:00,read,745,true
client0-1746554320211099953,2025-05-06T13:58:40.350647248-04:00,read,744,true
client1-1746554320211106125,2025-05-06T13:58:40.350649402-04:00,read,752,true
client0-1746554320211099953,2025-05-06T13:58:40.359761291-04:00,read,641,true
client1-1746554320211106125,2025-05-06T13:58:40.362885792-04:00,write,3786,true
client4-1746554320211117717,2025-05-06T13:58:40.36390831-04:00,write,4135,true
client1-1746554320211106125,2025-05-06T13:58:40.370190184-04:00,read,823,true
client0-1746554320211099953,2025-05-06T13:58:40.372719473-04:00,write,3338,true
client0-1746554320211099953,2025-05-06T13:58:40.379897436-04:00,read,670,true
client1-1746554320211106125,2025-05-06T13:58:40.37990973-04:00,read,696,true
client4-1746554320211117717,2025-05-06T13:58:40.381442219-04:00,read,11703,true
client4-1746554320211117717,2025-05-06T13:58:40.385764869-04:00,write,4318,true
client0-1746554320211099953,2025-05-06T13:58:40.389799616-04:00,read,642,true
client1-1746554320211106125,2025-05-06T13:58:40.393758761-04:00,write,4593,true
client4-1746554320211117717,2025-05-06T13:58:40.395123965-04:00,write,5318,true
client0-1746554320211099953,2025-05-06T13:58:40.400293181-04:00,read,694,true
client1-1746554320211106125,2025-05-06T13:58:40.40030354-04:00,read,719,true
client0-1746554320211099953,2025-05-06T13:58:40.413556327-04:00,write,3831,true
client1-1746554320211106125,2025-05-06T13:58:40.415065353-04:00,write,5326,true
client1-1746554320211106125,2025-05-06T13:58:40.423018447-04:00,write,3818,true
client0-1746554320211099953,2025-05-06T13:58:40.424291628-04:00,write,5076,true
client0-1746554320211099953,2025-05-06T13:58:40.433094505-04:00,write,3653,true
client1-1746554320211106125,2025-05-06T13:58:40.434626083-04:00,write,5160,true
client4-1746554320211117717,2025-05-06T13:58:40.436211311-04:00,write,36418,true
client4-1746554320211117717,2025-05-06T13:58:40.439479173-04:00,write,3261,true
client0-1746554320211099953,2025-05-06T13:58:40.440101115-04:00,read,802,true
client4-1746554320211117717,2025-05-06T13:58:40.440652795-04:00,read,707,true
client1-1746554320211106125,2025-05-06T13:58:40.443245043-04:00,write,3966,true
client1-1746554320211106125,2025-05-06T13:58:40.450096701-04:00,read,693,true
client0-1746554320211099953,2025-05-06T13:58:40.450126117-04:00,read,735,true
client4-1746554320211117717,2025-05-06T13:58:40.453533812-04:00,write,3782,true
client1-1746554320211106125,2025-05-06T13:58:40.460400408-04:00,read,709,true
client0-1746554320211099953,2025-05-06T13:58:40.464139818-04:00,write,4428,true
client0-1746554320211099953,2025-05-06T13:58:40.472865189-04:00,write,3562,true
client1-1746554320211106125,2025-05-06T13:58:40.474850432-04:00,write,5561,true
client1-1746554320211106125,2025-05-06T13:58:40.479667354-04:00,read,643,true
client0-1746554320211099953,2025-05-06T13:58:40.482183468-04:00,write,3142,true
client1-1746554320211106125,2025-05-06T13:58:40.493536122-04:00,write,4195,true
client0-1746554320211099953,2025-05-06T13:58:40.494870709-04:00,write,5516,true
client0-1746554320211099953,2025-05-06T13:58:40.503294972-04:00,write,4264,true
client1-1746554320211106125,2025-05-06T13:58:40.504484415-04:00,write,5440,true
client1-1746554320211106125,2025-05-06T13:58:40.510302304-04:00,read,676,true
client0-1746554320211099953,2025-05-06T13:58:40.5103165-04:00,read,675,true
client4-1746554320211117717,2025-05-06T13:58:40.513923571-04:00,read,54175,true
client4-1746554320211117717,2025-05-06T13:58:40.517712916-04:00,write,3784,true
client0-1746554320211099953,2025-05-06T13:58:40.520635837-04:00,read,765,true
client1-1746554320211106125,2025-05-06T13:58:40.520639393-04:00,read,756,true
client4-1746554320211117717,2025-05-06T13:58:40.520646076-04:00,read,765,true
client0-1746554320211099953,2025-05-06T13:58:40.533480855-04:00,write,4355,true
client1-1746554320211106125,2025-05-06T13:58:40.534892627-04:00,write,5752,true
client1-1746554320211106125,2025-05-06T13:58:40.539815739-04:00,read,774,true
client0-1746554320211099953,2025-05-06T13:58:40.54266468-04:00,write,3610,true
client0-1746554320211099953,2025-05-06T13:58:40.553605097-04:00,write,4484,true
client1-1746554320211106125,2025-05-06T13:58:40.55622156-04:00,write,7080,true
client0-1746554320211099953,2025-05-06T13:58:40.560005986-04:00,read,638,true
client4-1746554320211117717,2025-05-06T13:58:40.562624994-04:00,read,32071,true
client1-1746554320211106125,2025-05-06T13:58:40.563104267-04:00,write,3750,true
client4-1746554320211117717,2025-05-06T13:58:40.563219064-04:00,read,589,true
client0-1746554320211099953,2025-05-06T13:58:40.570363554-04:00,read,675,true
client1-1746554320211106125,2025-05-06T13:58:40.573753576-04:00,write,4050,true
client0-1746554320211099953,2025-05-06T13:58:40.579850791-04:00,read,657,true
client1-1746554320211106125,2025-05-06T13:58:40.579861181-04:00,read,655,true
client4-1746554320211117717,2025-05-06T13:58:40.584730412-04:00,write,14841,true
client4-1746554320211117717,2025-05-06T13:58:40.58842651-04:00,write,3691,true
client0-1746554320211099953,2025-05-06T13:58:40.590165359-04:00,read,653,true
client1-1746554320211106125,2025-05-06T13:58:40.597874514-04:00,write,8349,true
client4-1746554320211117717,2025-05-06T13:58:40.599586852-04:00,write,9732,true
client1-1746554320211106125,2025-05-06T13:58:40.603016729-04:00,write,4043,true
client4-1746554320211117717,2025-05-06T13:58:40.604920578-04:00,write,4260,true
client0-1746554320211099953,2025-05-06T13:58:40.609815497-04:00,read,10855,true
client1-1746554320211106125,2025-05-06T13:58:40.610014462-04:00,read,664,true
client0-1746554320211099953,2025-05-06T13:58:40.615245445-04:00,write,5421,true
client1-1746554320211106125,2025-05-06T13:58:40.620310655-04:00,read,654,true
client0-1746554320211099953,2025-05-06T13:58:40.6203131-04:00,read,664,true
client4-1746554320211117717,2025-05-06T13:58:40.623996695-04:00,write,14162,true
client4-1746554320211117717,2025-05-06T13:58:40.624605322-04:00,read,602,true
client1-1746554320211106125,2025-05-06T13:58:40.629587115-04:00,read,638,true
client0-1746554320211099953,2025-05-06T13:58:40.632865396-04:00,write,3930,true
client1-1746554320211106125,2025-05-06T13:58:40.639654767-04:00,read,702,true
client0-1746554320211099953,2025-05-06T13:58:40.639666108-04:00,read,705,true
client4-1746554320211117717,2025-05-06T13:58:40.645477264-04:00,write,14802,true
client4-1746554320211117717,2025-05-06T13:58:40.646054984-04:00,read,573,true
client1-1746554320211106125,2025-05-06T13:58:40.649857954-04:00,read,642,true
client0-1746554320211099953,2025-05-06T13:58:40.653087393-04:00,write,3881,true
client0-1746554320211099953,2025-05-06T13:58:40.659936877-04:00,read,663,true
client4-1746554320211117717,2025-05-06T13:58:40.661541011-04:00,read,11795,true
client4-1746554320211117717,2025-05-06T13:58:40.662132366-04:00,read,583,true
client1-1746554320211106125,2025-05-06T13:58:40.663563955-04:00,write,4306,true
client0-1746554320211099953,2025-05-06T13:58:40.670397499-04:00,read,655,true
client4-1746554320211117717,2025-05-06T13:58:40.670557471-04:00,read,811,true
client1-1746554320211106125,2025-05-06T13:58:40.67350609-04:00,write,3778,true
client1-1746554320211106125,2025-05-06T13:58:40.683765464-04:00,write,4102,true
client0-1746554320211099953,2025-05-06T13:58:40.685676316-04:00,write,5998,true
client1-1746554320211106125,2025-05-06T13:58:40.69049975-04:00,read,659,true
client0-1746554320211099953,2025-05-06T13:58:40.690519478-04:00,read,692,true
client4-1746554320211117717,2025-05-06T13:58:40.694355009-04:00,write,14481,true
client4-1746554320211117717,2025-05-06T13:58:40.694946354-04:00,read,587,true
client1-1746554320211106125,2025-05-06T13:58:40.703002563-04:00,write,3911,true
client0-1746554320211099953,2025-05-06T13:58:40.704633709-04:00,write,5555,true
client0-1746554320211099953,2025-05-06T13:58:40.710427392-04:00,read,659,true
client1-1746554320211106125,2025-05-06T13:58:40.710438203-04:00,read,655,true
client4-1746554320211117717,2025-05-06T13:58:40.711945314-04:00,read,11440,true
client4-1746554320211117717,2025-05-06T13:58:40.715717096-04:00,write,3764,true
client4-1746554320211117717,2025-05-06T13:58:40.720568533-04:00,read,715,true
client0-1746554320211099953,2025-05-06T13:58:40.72070486-04:00,read,843,true
client1-1746554320211106125,2025-05-06T13:58:40.724043234-04:00,write,4179,true
client1-1746554320211106125,2025-05-06T13:58:40.72986474-04:00,read,666,true
client0-1746554320211099953,2025-05-06T13:58:40.729868387-04:00,read,678,true
client4-1746554320211117717,2025-05-06T13:58:40.730475962-04:00,read,620,true
client1-1746554320211106125,2025-05-06T13:58:40.739853833-04:00,read,765,true
client0-1746554320211099953,2025-05-06T13:58:40.743480411-04:00,write,4586,true
client1-1746554320211106125,2025-05-06T13:58:40.750278408-04:00,read,650,true
client0-1746554320211099953,2025-05-06T13:58:40.753988383-04:00,write,4344,true
client1-1746554320211106125,2025-05-06T13:58:40.764331544-04:00,write,5144,true
client0-1746554320211099953,2025-05-06T13:58:40.765955396-04:00,write,6752,true
client0-1746554320211099953,2025-05-06T13:58:40.769873803-04:00,read,742,true
client4-1746554320211117717,2025-05-06T13:58:40.7714419-04:00,read,31593,true
client1-1746554320211106125,2025-05-06T13:58:40.77399834-04:00,write,4899,true
client4-1746554320211117717,2025-05-06T13:58:40.775729033-04:00,write,4281,true
client4-1746554320211117717,2025-05-06T13:58:40.780577454-04:00,read,717,true
client0-1746554320211099953,2025-05-06T13:58:40.780590118-04:00,read,714,true
client1-1746554320211106125,2025-05-06T13:58:40.784313278-04:00,write,4444,true
client4-1746554320211117717,2025-05-06T13:58:40.790449788-04:00,read,714,true
client0-1746554320211099953,2025-05-06T13:58:40.790579152-04:00,read,832,true
client1-1746554320211106125,2025-05-06T13:58:40.794864421-04:00,write,5137,true
client0-1746554320211099953,2025-05-06T13:58:40.800056671-04:00,read,778,true
client1-1746554320211106125,2025-05-06T13:58:40.803984957-04:00,write,4721,true
client4-1746554320211117717,2025-05-06T13:58:40.806010787-04:00,write,6101,true
client0-1746554320211099953,2025-05-06T13:58:40.810082003-04:00,read,674,true
client4-1746554320211117717,2025-05-06T13:58:40.810534125-04:00,read,770,true
client1-1746554320211106125,2025-05-06T13:58:40.813909138-04:00,write,4485,true
client0-1746554320211099953,2025-05-06T13:58:40.819979323-04:00,read,647,true
client1-1746554320211106125,2025-05-06T13:58:40.81999873-04:00,read,658,true
client4-1746554320211117717,2025-05-06T13:58:40.823928098-04:00,write,4101,true
client1-1746554320211106125,2025-05-06T13:58:40.829758912-04:00,read,694,true
client0-1746554320211099953,2025-05-06T13:58:40.829759313-04:00,read,669,true
client4-1746554320211117717,2025-05-06T13:58:40.830358071-04:00,read,608,true
client1-1746554320211106125,2025-05-06T13:58:40.840223953-04:00,read,708,true
client0-1746554320211099953,2025-05-06T13:58:40.844219386-04:00,write,4704,true
client0-1746554320211099953,2025-05-06T13:58:40.850016416-04:00,read,652,true
client1-1746554320211106125,2025-05-06T13:58:40.853941526-04:00,write,4585,true
client4-1746554320211117717,2025-05-06T13:58:40.855933472-04:00,write,16200,true
client4-1746554320211117717,2025-05-06T13:58:40.856524746-04:00,read,586,true
client1-1746554320211106125,2025-05-06T13:58:40.860542211-04:00,read,864,true
client0-1746554320211099953,2025-05-06T13:58:40.863853374-04:00,write,4188,true
client0-1746554320211099953,2025-05-06T13:58:40.869578608-04:00,read,654,true
client1-1746554320211106125,2025-05-06T13:58:40.869594368-04:00,read,632,true
client4-1746554320211117717,2025-05-06T13:58:40.875152427-04:00,write,15288,true
client4-1746554320211117717,2025-05-06T13:58:40.879095552-04:00,write,3936,true
client1-1746554320211106125,2025-05-06T13:58:40.879612506-04:00,read,655,true
client0-1746554320211099953,2025-05-06T13:58:40.884377731-04:00,write,5450,true
client1-1746554320211106125,2025-05-06T13:58:40.890167447-04:00,read,656,true
client0-1746554320211099953,2025-05-06T13:58:40.893437402-04:00,write,3917,true
client0-1746554320211099953,2025-05-06T13:58:40.90421908-04:00,write,4632,true
client1-1746554320211106125,2025-05-06T13:58:40.905659205-04:00,write,6063,true
client0-1746554320211099953,2025-05-06T13:58:40.910452142-04:00,read,646,true
client4-1746554320211117717,2025-05-06T13:58:40.913090476-04:00,read,32402,true
client1-1746554320211106125,2025-05-06T13:58:40.915322765-04:00,write,5501,true
client4-1746554320211117717,2025-05-06T13:58:40.916775394-04:00,write,3680,true
client0-1746554320211099953,2025-05-06T13:58:40.924932704-04:00,write,5011,true
client1-1746554320211106125,2025-05-06T13:58:40.9262993-04:00,write,6364,true
client0-1746554320211099953,2025-05-06T13:58:40.930250981-04:00,read,780,true
client1-1746554320211106125,2025-05-06T13:58:40.934247216-04:00,write,4799,true
client4-1746554320211117717,2025-05-06T13:58:40.935943744-04:00,write,16012,true
client4-1746554320211117717,2025-05-06T13:58:40.936552532-04:00,read,601,true
client0-1746554320211099953,2025-05-06T13:58:40.94045497-04:00,read,739,true
client1-1746554320211106125,2025-05-06T13:58:40.940468756-04:00,read,767,true
client4-1746554320211117717,2025-05-06T13:58:40.940470289-04:00,read,728,true
client0-1746554320211099953,2025-05-06T13:58:40.95061727-04:00,read,696,true
client4-1746554320211117717,2025-05-06T13:58:40.95061754-04:00,read,686,true
client1-1746554320211106125,2025-05-06T13:58:40.954629354-04:00,write,4695,true
client0-1746554320211099953,2025-05-06T13:58:40.959885374-04:00,read,785,true
client4-1746554320211117717,2025-05-06T13:58:40.960345121-04:00,read,603,true
client1-1746554320211106125,2025-05-06T13:58:40.96361716-04:00,write,4530,true
client0-1746554320211099953,2025-05-06T13:58:40.969830264-04:00,read,765,true
client4-1746554320211117717,2025-05-06T13:58:40.970447799-04:00,read,611,true
client1-1746554320211106125,2025-05-06T13:58:40.974157403-04:00,write,5101,true
client0-1746554320211099953,2025-05-06T13:58:40.980289935-04:00,read,677,true
client1-1746554320211106125,2025-05-06T13:58:40.983723419-04:00,write,4098,true
client1-1746554320211106125,2025-05-06T13:58:40.989751494-04:00,read,626,true
client0-1746554320211099953,2025-05-06T13:58:40.993634195-04:00,write,4531,true
client1-1746554320211106125,2025-05-06T13:58:40.999739305-04:00,read,775,true
client0-1746554320211099953,2025-05-06T13:58:41.003456494-04:00,write,4489,true
client0-1746554320211099953,2025-05-06T13:58:41.014454219-04:00,write,4838,true
client1-1746554320211106125,2025-05-06T13:58:41.016127834-04:00,write,6508,true
client1-1746554320211106125,2025-05-06T13:58:41.020092319-04:00,read,801,true
client0-1746554320211099953,2025-05-06T13:58:41.024325941-04:00,write,5052,true
client4-1746554320211117717,2025-05-06T13:58:41.028099165-04:00,write,48289,true
client4-1746554320211117717,2025-05-06T13:58:41.032687116-04:00,write,4580,true
client1-1746554320211106125,2025-05-06T13:58:41.034971543-04:00,write,5487,true
client4-1746554320211117717,2025-05-06T13:58:41.036977685-04:00,write,4285,true
client1-1746554320211106125,2025-05-06T13:58:41.039714114-04:00,read,596,true
client0-1746554320211099953,2025-05-06T13:58:41.044054768-04:00,write,14556,true
client0-1746554320211099953,2025-05-06T13:58:41.044649049-04:00,read,589,true
client1-1746554320211106125,2025-05-06T13:58:41.050482056-04:00,read,687,true
client0-1746554320211099953,2025-05-06T13:58:41.050505791-04:00,read,697,true
client4-1746554320211117717,2025-05-06T13:58:41.050655754-04:00,read,10916,true
client4-1746554320211117717,2025-05-06T13:58:41.051249684-04:00,read,588,true
client0-1746554320211099953,2025-05-06T13:58:41.064739528-04:00,write,5073,true
client1-1746554320211106125,2025-05-06T13:58:41.066396011-04:00,write,6719,true
client1-1746554320211106125,2025-05-06T13:58:41.070196386-04:00,read,652,true
client0-1746554320211099953,2025-05-06T13:58:41.074168195-04:00,write,4638,true
client1-1746554320211106125,2025-05-06T13:58:41.080124214-04:00,read,797,true
client0-1746554320211099953,2025-05-06T13:58:41.084368717-04:00,write,5027,true
client0-1746554320211099953,2025-05-06T13:58:41.090179753-04:00,read,674,true
client1-1746554320211106125,2025-05-06T13:58:41.090195543-04:00,read,676,true
client4-1746554320211117717,2025-05-06T13:58:41.097846698-04:00,write,37959,true
client4-1746554320211117717,2025-05-06T13:58:41.098467659-04:00,read,615,true
client1-1746554320211106125,2025-05-06T13:58:41.100248357-04:00,read,684,true
client0-1746554320211099953,2025-05-06T13:58:41.10026099-04:00,read,683,true
client1-1746554320211106125,2025-05-06T13:58:41.110373907-04:00,read,662,true
client0-1746554320211099953,2025-05-06T13:58:41.114586279-04:00,write,4859,true
client0-1746554320211099953,2025-05-06T13:58:41.119730929-04:00,read,793,true
client1-1746554320211106125,2025-05-06T13:58:41.123786145-04:00,write,4824,true
client4-1746554320211117717,2025-05-06T13:58:41.125617849-04:00,write,25870,true
client4-1746554320211117717,2025-05-06T13:58:41.126208392-04:00,read,586,true
client0-1746554320211099953,2025-05-06T13:58:41.130003537-04:00,read,658,true
client1-1746554320211106125,2025-05-06T13:58:41.130031029-04:00,read,692,true
client4-1746554320211117717,2025-05-06T13:58:41.130568032-04:00,read,740,true
client1-1746554320211106125,2025-05-06T13:58:41.139768809-04:00,read,682,true
client0-1746554320211099953,2025-05-06T13:58:41.144025635-04:00,write,4933,true
client0-1746554320211099953,2025-05-06T13:58:41.154809637-04:00,write,5301,true
client1-1746554320211106125,2025-05-06T13:58:41.156679974-04:00,write,7182,true
client0-1746554320211099953,2025-05-06T13:58:41.159637309-04:00,read,627,true
client1-1746554320211106125,2025-05-06T13:58:41.164490319-04:00,write,5465,true
client4-1746554320211117717,2025-05-06T13:58:41.166912396-04:00,write,27132,true
client4-1746554320211117717,2025-05-06T13:58:41.167520623-04:00,read,600,true
client1-1746554320211106125,2025-05-06T13:58:41.174996037-04:00,write,5126,true
client0-1746554320211099953,2025-05-06T13:58:41.176886812-04:00,write,7025,true
client0-1746554320211099953,2025-05-06T13:58:41.183475815-04:00,write,4425,true
client1-1746554320211106125,2025-05-06T13:58:41.185195327-04:00,write,6165,true
client0-1746554320211099953,2025-05-06T13:58:41.194639864-04:00,write,5311,true
client1-1746554320211106125,2025-05-06T13:58:41.197144566-04:00,write,7796,true
client1-1746554320211106125,2025-05-06T13:58:41.199933534-04:00,read,659,true
client0-1746554320211099953,2025-05-06T13:58:41.203505439-04:00,write,4216,true
client1-1746554320211106125,2025-05-06T13:58:41.210457787-04:00,read,794,true
client0-1746554320211099953,2025-05-06T13:58:41.214193881-04:00,write,4546,true
client0-1746554320211099953,2025-05-06T13:58:41.220031548-04:00,read,690,true
client1-1746554320211106125,2025-05-06T13:58:41.22003262-04:00,read,674,true
client4-1746554320211117717,2025-05-06T13:58:41.227560923-04:00,write,57707,true
client1-1746554320211106125,2025-05-06T13:58:41.229601872-04:00,read,645,true
client4-1746554320211117717,2025-05-06T13:58:41.231951041-04:00,write,4382,true
client4-1746554320211117717,2025-05-06T13:58:41.236978149-04:00,write,5020,true
client1-1746554320211106125,2025-05-06T13:58:41.239790581-04:00,read,663,true
client0-1746554320211099953,2025-05-06T13:58:41.23980064-04:00,read,10859,true
client0-1746554320211099953,2025-05-06T13:58:41.24474906-04:00,write,4940,true
client0-1746554320211099953,2025-05-06T13:58:41.250724026-04:00,read,829,true
client4-1746554320211117717,2025-05-06T13:58:41.250880861-04:00,read,11077,true
client4-1746554320211117717,2025-05-06T13:58:41.251467708-04:00,read,580,true
client1-1746554320211106125,2025-05-06T13:58:41.255348925-04:00,write,5439,true
client0-1746554320211099953,2025-05-06T13:58:41.260249966-04:00,read,734,true
client4-1746554320211117717,2025-05-06T13:58:41.260380582-04:00,read,642,true
client1-1746554320211106125,2025-05-06T13:58:41.264673887-04:00,write,5146,true
client1-1746554320211106125,2025-05-06T13:58:41.274452043-04:00,write,4605,true
client0-1746554320211099953,2025-05-06T13:58:41.276558614-04:00,write,6727,true
client1-1746554320211106125,2025-05-06T13:58:41.2803961-04:00,read,676,true
client0-1746554320211099953,2025-05-06T13:58:41.284341328-04:00,write,4631,true
client0-1746554320211099953,2025-05-06T13:58:41.294954498-04:00,write,5184,true
client1-1746554320211106125,2025-05-06T13:58:41.296571938-04:00,write,6816,true
client1-1746554320211106125,2025-05-06T13:58:41.300359749-04:00,read,658,true
client0-1746554320211099953,2025-05-06T13:58:41.303914772-04:00,write,4201,true
client0-1746554320211099953,2025-05-06T13:58:41.310041183-04:00,read,647,true
client1-1746554320211106125,2025-05-06T13:58:41.310052715-04:00,read,646,true
client4-1746554320211117717,2025-05-06T13:58:41.312659329-04:00,read,42815,true
client4-1746554320211117717,2025-05-06T13:58:41.313273467-04:00,read,607,true
client1-1746554320211106125,2025-05-06T13:58:41.320613075-04:00,read,829,true
client0-1746554320211099953,2025-05-06T13:58:41.324193255-04:00,write,4426,true
client0-1746554320211099953,2025-05-06T13:58:41.334465773-04:00,write,4805,true
client1-1746554320211106125,2025-05-06T13:58:41.335974949-04:00,write,6300,true
client0-1746554320211099953,2025-05-06T13:58:41.33975698-04:00,read,654,true
client4-1746554320211117717,2025-05-06T13:58:41.342403199-04:00,read,22627,true
client4-1746554320211117717,2025-05-06T13:58:41.342980447-04:00,read,567,true
client1-1746554320211106125,2025-05-06T13:58:41.343583324-04:00,write,4464,true
client1-1746554320211106125,2025-05-06T13:58:41.350390498-04:00,read,658,true
client0-1746554320211099953,2025-05-06T13:58:41.355160321-04:00,write,5435,true
client0-1746554320211099953,2025-05-06T13:58:41.360061432-04:00,read,757,true
client1-1746554320211106125,2025-05-06T13:58:41.364357452-04:00,write,5045,true
client4-1746554320211117717,2025-05-06T13:58:41.366636428-04:00,write,16901,true
client1-1746554320211106125,2025-05-06T13:58:41.369727336-04:00,read,651,true
client4-1746554320211117717,2025-05-06T13:58:41.37104495-04:00,write,4397,true
client4-1746554320211117717,2025-05-06T13:58:41.37537781-04:00,write,4323,true
client0-1746554320211099953,2025-05-06T13:58:41.380052243-04:00,read,10956,true
client1-1746554320211106125,2025-05-06T13:58:41.38547123-04:00,write,5948,true
client4-1746554320211117717,2025-05-06T13:58:41.389213646-04:00,write,9475,true
client1-1746554320211106125,2025-05-06T13:58:41.389661861-04:00,read,633,true
client0-1746554320211099953,2025-05-06T13:58:41.391229747-04:00,read,11168,true
client0-1746554320211099953,2025-05-06T13:58:41.395603704-04:00,write,4366,true
client1-1746554320211106125,2025-05-06T13:58:41.400373337-04:00,read,617,true
client0-1746554320211099953,2025-05-06T13:58:41.403929772-04:00,write,4146,true
client0-1746554320211099953,2025-05-06T13:58:41.409712555-04:00,read,631,true
client1-1746554320211106125,2025-05-06T13:58:41.409723936-04:00,read,658,true
client4-1746554320211117717,2025-05-06T13:58:41.416279446-04:00,write,25530,true
client1-1746554320211106125,2025-05-06T13:58:41.420388714-04:00,read,665,true
client4-1746554320211117717,2025-05-06T13:58:41.420986541-04:00,write,4699,true
client4-1746554320211117717,2025-05-06T13:58:41.426733917-04:00,write,5743,true
client1-1746554320211106125,2025-05-06T13:58:41.430565812-04:00,read,683,true
client4-1746554320211117717,2025-05-06T13:58:41.435086495-04:00,write,5213,true
client0-1746554320211099953,2025-05-06T13:58:41.4410983-04:00,read,21356,true
client0-1746554320211099953,2025-05-06T13:58:41.44173502-04:00,read,631,true
client1-1746554320211106125,2025-05-06T13:58:41.443779104-04:00,write,4543,true
client0-1746554320211099953,2025-05-06T13:58:41.449826737-04:00,read,633,true
client1-1746554320211106125,2025-05-06T13:58:41.45460218-04:00,write,5395,true
client4-1746554320211117717,2025-05-06T13:58:41.4566279-04:00,write,15992,true
client1-1746554320211106125,2025-05-06T13:58:41.45984208-04:00,read,681,true
client4-1746554320211117717,2025-05-06T13:58:41.461149926-04:00,write,4517,true
client4-1746554320211117717,2025-05-06T13:58:41.461741451-04:00,read,584,true
client0-1746554320211099953,2025-05-06T13:58:41.470224715-04:00,read,11056,true
client4-1746554320211117717,2025-05-06T13:58:41.470559587-04:00,read,644,true
client1-1746554320211106125,2025-05-06T13:58:41.474085314-04:00,write,4776,true
client0-1746554320211099953,2025-05-06T13:58:41.475728833-04:00,write,5497,true
client1-1746554320211106125,2025-05-06T13:58:41.479769862-04:00,read,641,true
client0-1746554320211099953,2025-05-06T13:58:41.483438018-04:00,write,4300,true
client0-1746554320211099953,2025-05-06T13:58:41.490654414-04:00,read,825,true
client4-1746554320211117717,2025-05-06T13:58:41.490808304-04:00,read,11042,true
client4-1746554320211117717,2025-05-06T13:58:41.491407153-04:00,read,593,true
client1-1746554320211106125,2025-05-06T13:58:41.494717765-04:00,write,4899,true
client1-1746554320211106125,2025-05-06T13:58:41.504997176-04:00,write,6012,true
client0-1746554320211099953,2025-05-06T13:58:41.506690088-04:00,write,7697,true
client0-1746554320211099953,2025-05-06T13:58:41.510497256-04:00,read,674,true
client1-1746554320211106125,2025-05-06T13:58:41.510501163-04:00,read,645,true
client4-1746554320211117717,2025-05-06T13:58:41.51202156-04:00,read,11620,true
client4-1746554320211117717,2025-05-06T13:58:41.517137345-04:00,write,5107,true
client0-1746554320211099953,2025-05-06T13:58:41.519971118-04:00,read,679,true
client4-1746554320211117717,2025-05-06T13:58:41.520382303-04:00,read,592,true
client1-1746554320211106125,2025-05-06T13:58:41.525405634-04:00,write,6105,true
client1-1746554320211106125,2025-05-06T13:58:41.530255398-04:00,read,701,true
client0-1746554320211099953,2025-05-06T13:58:41.534184346-04:00,write,4617,true
client0-1746554320211099953,2025-05-06T13:58:41.540091153-04:00,read,765,true
client4-1746554320211117717,2025-05-06T13:58:41.541704464-04:00,read,11959,true
client4-1746554320211117717,2025-05-06T13:58:41.542302542-04:00,read,590,true
client1-1746554320211106125,2025-05-06T13:58:41.543899964-04:00,write,4560,true
client1-1746554320211106125,2025-05-06T13:58:41.549843009-04:00,read,803,true
client0-1746554320211099953,2025-05-06T13:58:41.553327398-04:00,write,4280,true
client1-1746554320211106125,2025-05-06T13:58:41.560139121-04:00,read,663,true
client0-1746554320211099953,2025-05-06T13:58:41.560150282-04:00,read,689,true
client4-1746554320211117717,2025-05-06T13:58:41.565641936-04:00,write,15787,true
client4-1746554320211117717,2025-05-06T13:58:41.571588418-04:00,write,5941,true
client4-1746554320211117717,2025-05-06T13:58:41.572203628-04:00,read,609,true
client1-1746554320211106125,2025-05-06T13:58:41.57349883-04:00,write,4407,true
client0-1746554320211099953,2025-05-06T13:58:41.580399551-04:00,read,11323,true
client4-1746554320211117717,2025-05-06T13:58:41.580599878-04:00,read,704,true
client0-1746554320211099953,2025-05-06T13:58:41.581057711-04:00,read,647,true
client1-1746554320211106125,2025-05-06T13:58:41.586372402-04:00,write,6467,true
client1-1746554320211106125,2025-05-06T13:58:41.590203545-04:00,read,685,true
client0-1746554320211099953,2025-05-06T13:58:41.590218543-04:00,read,711,true
client1-1746554320211106125,2025-05-06T13:58:41.600393057-04:00,read,684,true
client0-1746554320211099953,2025-05-06T13:58:41.604425489-04:00,write,4732,true
client1-1746554320211106125,2025-05-06T13:58:41.614457374-04:00,write,4534,true
client0-1746554320211099953,2025-05-06T13:58:41.616096584-04:00,write,6189,true
client0-1746554320211099953,2025-05-06T13:58:41.620131442-04:00,read,627,true
client1-1746554320211106125,2025-05-06T13:58:41.625039475-04:00,write,5520,true
client4-1746554320211117717,2025-05-06T13:58:41.627361553-04:00,write,37498,true
client4-1746554320211117717,2025-05-06T13:58:41.627957908-04:00,read,589,true
client0-1746554320211099953,2025-05-06T13:58:41.629784021-04:00,read,732,true
client1-1746554320211106125,2025-05-06T13:58:41.634513969-04:00,write,5482,true
client4-1746554320211117717,2025-05-06T13:58:41.637881478-04:00,write,8091,true
client1-1746554320211106125,2025-05-06T13:58:41.644655349-04:00,write,5681,true
client0-1746554320211099953,2025-05-06T13:58:41.646359823-04:00,write,7371,true
client0-1746554320211099953,2025-05-06T13:58:41.654556307-04:00,write,5046,true
client1-1746554320211106125,2025-05-06T13:58:41.656245091-04:00,write,6722,true
client0-1746554320211099953,2025-05-06T13:58:41.663966729-04:00,write,4570,true
client1-1746554320211106125,2025-05-06T13:58:41.666077339-04:00,write,6667,true
client0-1746554320211099953,2025-05-06T13:58:41.669880559-04:00,read,624,true
client1-1746554320211106125,2025-05-06T13:58:41.673565677-04:00,write,4325,true
client4-1746554320211117717,2025-05-06T13:58:41.677292133-04:00,write,36593,true
client4-1746554320211117717,2025-05-06T13:58:41.677885943-04:00,read,588,true
client0-1746554320211099953,2025-05-06T13:58:41.699628537-04:00,write,20653,true
client1-1746554320211106125,2025-05-06T13:58:41.701882035-04:00,write,22898,true
client0-1746554320211099953,2025-05-06T13:58:41.704185649-04:00,write,4547,true
client1-1746554320211106125,2025-05-06T13:58:41.706133652-04:00,write,4245,true
client0-1746554320211099953,2025-05-06T13:58:41.71582303-04:00,write,6518,true
client1-1746554320211106125,2025-05-06T13:58:41.717783556-04:00,write,8494,true
client1-1746554320211106125,2025-05-06T13:58:41.720767492-04:00,read,835,true
client0-1746554320211099953,2025-05-06T13:58:41.724653118-04:00,write,4706,true
client1-1746554320211106125,2025-05-06T13:58:41.729710744-04:00,read,674,true
client0-1746554320211099953,2025-05-06T13:58:41.729723057-04:00,read,670,true
client4-1746554320211117717,2025-05-06T13:58:41.735402836-04:00,read,54985,true
client4-1746554320211117717,2025-05-06T13:58:41.736007887-04:00,read,597,true
client0-1746554320211099953,2025-05-06T13:58:41.739969476-04:00,read,635,true
client4-1746554320211117717,2025-05-06T13:58:41.740445163-04:00,read,630,true
client1-1746554320211106125,2025-05-06T13:58:41.743814115-04:00,write,4490,true
client1-1746554320211106125,2025-05-06T13:58:41.74999584-04:00,read,700,true
client0-1746554320211099953,2025-05-06T13:58:41.753865175-04:00,write,4579,true
client1-1746554320211106125,2025-05-06T13:58:41.759920572-04:00,read,653,true
client0-1746554320211099953,2025-05-06T13:58:41.764099772-04:00,write,4822,true
client0-1746554320211099953,2025-05-06T13:58:41.770122878-04:00,read,635,true
client4-1746554320211117717,2025-05-06T13:58:41.77168356-04:00,read,21888,true
client4-1746554320211117717,2025-05-06T13:58:41.772274895-04:00,read,582,true
client1-1746554320211106125,2025-05-06T13:58:41.773337138-04:00,write,3841,true
client1-1746554320211106125,2025-05-06T13:58:41.784527436-04:00,write,4811,true
client0-1746554320211099953,2025-05-06T13:58:41.785929369-04:00,write,6222,true
client0-1746554320211099953,2025-05-06T13:58:41.789823281-04:00,read,756,true
client1-1746554320211106125,2025-05-06T13:58:41.79576327-04:00,write,6705,true
client4-1746554320211117717,2025-05-06T13:58:41.797300228-04:00,write,17561,true
client4-1746554320211117717,2025-05-06T13:58:41.797905269-04:00,read,596,true
client1-1746554320211106125,2025-05-06T13:58:41.799658775-04:00,read,659,true
client0-1746554320211099953,2025-05-06T13:58:41.80318851-04:00,write,4175,true
client1-1746554320211106125,2025-05-06T13:58:41.813443445-04:00,write,4117,true
client0-1746554320211099953,2025-05-06T13:58:41.815093306-04:00,write,5749,true
client0-1746554320211099953,2025-05-06T13:58:41.819927851-04:00,read,662,true
client1-1746554320211106125,2025-05-06T13:58:41.819944672-04:00,read,696,true
client4-1746554320211117717,2025-05-06T13:58:41.821732493-04:00,read,21002,true
client4-1746554320211117717,2025-05-06T13:58:41.825015824-04:00,write,3278,true
client0-1746554320211099953,2025-05-06T13:58:41.833607583-04:00,write,4446,true
client1-1746554320211106125,2025-05-06T13:58:41.83462435-04:00,write,5472,true
client1-1746554320211106125,2025-05-06T13:58:41.840438522-04:00,read,652,true
client0-1746554320211099953,2025-05-06T13:58:41.840594436-04:00,read,823,true
client4-1746554320211117717,2025-05-06T13:58:41.846030235-04:00,write,15427,true
client4-1746554320211117717,2025-05-06T13:58:41.846647088-04:00,read,609,true
client4-1746554320211117717,2025-05-06T13:58:41.850537242-04:00,read,727,true
client1-1746554320211106125,2025-05-06T13:58:41.853052334-04:00,write,3233,true
client1-1746554320211106125,2025-05-06T13:58:41.859822749-04:00,read,614,true
client4-1746554320211117717,2025-05-06T13:58:41.860439312-04:00,read,622,true
client0-1746554320211099953,2025-05-06T13:58:41.866355987-04:00,write,16555,true
client0-1746554320211099953,2025-05-06T13:58:41.869833003-04:00,write,3467,true
client1-1746554320211106125,2025-05-06T13:58:41.870349246-04:00,read,732,true
client4-1746554320211117717,2025-05-06T13:58:41.870506262-04:00,read,683,true
client4-1746554320211117717,2025-05-06T13:58:41.880680855-04:00,read,678,true
client1-1746554320211106125,2025-05-06T13:58:41.884460982-04:00,write,4449,true
client1-1746554320211106125,2025-05-06T13:58:41.890598955-04:00,read,706,true
client4-1746554320211117717,2025-05-06T13:58:41.89263827-04:00,write,2755,true
client1-1746554320211106125,2025-05-06T13:58:41.903738509-04:00,write,4616,true
client0-1746554320211099953,2025-05-06T13:58:41.904484645-04:00,write,34643,true
client0-1746554320211099953,2025-05-06T13:58:41.908890833-04:00,write,4398,true
client0-1746554320211099953,2025-05-06T13:58:41.909517394-04:00,read,621,true
client1-1746554320211106125,2025-05-06T13:58:41.91156244-04:00,write,2512,true
client4-1746554320211117717,2025-05-06T13:58:41.911871953-04:00,read,11315,true
client4-1746554320211117717,2025-05-06T13:58:41.912475642-04:00,read,597,true
client1-1746554320211106125,2025-05-06T13:58:41.920698796-04:00,read,812,true
client4-1746554320211117717,2025-05-06T13:58:41.927149738-04:00,write,7275,true
client1-1746554320211106125,2025-05-06T13:58:41.933561397-04:00,write,4281,true
client0-1746554320211099953,2025-05-06T13:58:41.935851405-04:00,write,15968,true
client0-1746554320211099953,2025-05-06T13:58:41.93644278-04:00,read,587,true
client0-1746554320211099953,2025-05-06T13:58:41.94045287-04:00,read,853,true
client1-1746554320211106125,2025-05-06T13:58:41.940464853-04:00,read,856,true
client4-1746554320211117717,2025-05-06T13:58:41.941979429-04:00,read,11289,true
client4-1746554320211117717,2025-05-06T13:58:41.942551687-04:00,read,567,true
client1-1746554320211106125,2025-05-06T13:58:41.950566419-04:00,read,843,true
client0-1746554320211099953,2025-05-06T13:58:41.952480988-04:00,write,2773,true
client0-1746554320211099953,2025-05-06T13:58:41.96049068-04:00,read,861,true
client1-1746554320211106125,2025-05-06T13:58:41.964094685-04:00,write,4450,true
client4-1746554320211117717,2025-05-06T13:58:41.965271283-04:00,write,15527,true
client4-1746554320211117717,2025-05-06T13:58:41.968831215-04:00,write,3555,true
client1-1746554320211106125,2025-05-06T13:58:41.970750965-04:00,read,816,true
client0-1746554320211099953,2025-05-06T13:58:41.972534477-04:00,write,2591,true
client1-1746554320211106125,2025-05-06T13:58:41.980372004-04:00,read,688,true
client0-1746554320211099953,2025-05-06T13:58:41.984119119-04:00,write,4419,true
client1-1746554320211106125,2025-05-06T13:58:41.989873318-04:00,read,629,true
client0-1746554320211099953,2025-05-06T13:58:41.991882306-04:00,write,2623,true
client0-1746554320211099953,2025-05-06T13:58:41.99992498-04:00,read,667,true
client1-1746554320211106125,2025-05-06T13:58:42.005316104-04:00,write,6045,true
client4-1746554320211117717,2025-05-06T13:58:42.007246213-04:00,write,37322,true
client4-1746554320211117717,2025-05-06T13:58:42.007832369-04:00,read,582,true
client0-1746554320211099953,2025-05-06T13:58:42.009569885-04:00,read,646,true
client1-1746554320211106125,2025-05-06T13:58:42.009724777-04:00,read,640,true
client4-1746554320211117717,2025-05-06T13:58:42.010358882-04:00,read,608,true
client1-1746554320211106125,2025-05-06T13:58:42.020687746-04:00,read,846,true
client4-1746554320211117717,2025-05-06T13:58:42.02342666-04:00,write,3594,true
client4-1746554320211117717,2025-05-06T13:58:42.030492492-04:00,read,761,true
client0-1746554320211099953,2025-05-06T13:58:42.030808248-04:00,read,10947,true
client0-1746554320211099953,2025-05-06T13:58:42.03142479-04:00,read,609,true
client1-1746554320211106125,2025-05-06T13:58:42.03219359-04:00,write,2632,true
client1-1746554320211106125,2025-05-06T13:58:42.043381163-04:00,write,3773,true
client0-1746554320211099953,2025-05-06T13:58:42.044765222-04:00,write,5165,true
client1-1746554320211106125,2025-05-06T13:58:42.054245346-04:00,write,4327,true
client0-1746554320211099953,2025-05-06T13:58:42.055939611-04:00,write,6006,true
client1-1746554320211106125,2025-05-06T13:58:42.059760775-04:00,read,664,true
client0-1746554320211099953,2025-05-06T13:58:42.059762559-04:00,read,685,true
client4-1746554320211117717,2025-05-06T13:58:42.066065412-04:00,write,26271,true
client4-1746554320211117717,2025-05-06T13:58:42.069187909-04:00,write,3114,true
client0-1746554320211099953,2025-05-06T13:58:42.072759513-04:00,write,3736,true
client1-1746554320211106125,2025-05-06T13:58:42.073987038-04:00,write,4983,true
client1-1746554320211106125,2025-05-06T13:58:42.080144968-04:00,read,659,true
client0-1746554320211099953,2025-05-06T13:58:42.083658092-04:00,write,4187,true
client0-1746554320211099953,2025-05-06T13:58:42.089714761-04:00,read,664,true
client1-1746554320211106125,2025-05-06T13:58:42.089730851-04:00,read,670,true
client4-1746554320211117717,2025-05-06T13:58:42.092317839-04:00,read,21872,true
client4-1746554320211117717,2025-05-06T13:58:42.09651364-04:00,write,4191,true
client1-1746554320211106125,2025-05-06T13:58:42.104159415-04:00,write,4227,true
client4-1746554320211117717,2025-05-06T13:58:42.105124234-04:00,write,5203,true
client1-1746554320211106125,2025-05-06T13:58:42.109878598-04:00,read,608,true
client4-1746554320211117717,2025-05-06T13:58:42.113576921-04:00,write,3821,true
client1-1746554320211106125,2025-05-06T13:58:42.120424361-04:00,read,684,true
client4-1746554320211117717,2025-05-06T13:58:42.120425303-04:00,read,689,true
client0-1746554320211099953,2025-05-06T13:58:42.121950178-04:00,read,22004,true
client0-1746554320211099953,2025-05-06T13:58:42.122541854-04:00,read,582,true
client1-1746554320211106125,2025-05-06T13:58:42.133307291-04:00,write,3598,true
client0-1746554320211099953,2025-05-06T13:58:42.134657657-04:00,write,4964,true
client0-1746554320211099953,2025-05-06T13:58:42.140530099-04:00,read,723,true
client4-1746554320211117717,2025-05-06T13:58:42.140812702-04:00,read,11076,true
client4-1746554320211117717,2025-05-06T13:58:42.141420608-04:00,read,600,true
client1-1746554320211106125,2025-05-06T13:58:42.144854672-04:00,write,5035,true
client1-1746554320211106125,2025-05-06T13:58:42.153357123-04:00,write,4323,true
client0-1746554320211099953,2025-05-06T13:58:42.154395801-04:00,write,5376,true
client1-1746554320211106125,2025-05-06T13:58:42.160167413-04:00,read,618,true
client0-1746554320211099953,2025-05-06T13:58:42.163548688-04:00,write,3982,true
client0-1746554320211099953,2025-05-06T13:58:42.173659712-04:00,write,3959,true
client1-1746554320211106125,2025-05-06T13:58:42.175766965-04:00,write,6052,true
client1-1746554320211106125,2025-05-06T13:58:42.180690087-04:00,read,769,true
client0-1746554320211099953,2025-05-06T13:58:42.183435503-04:00,write,3530,true
client0-1746554320211099953,2025-05-06T13:58:42.190353857-04:00,read,762,true
client1-1746554320211106125,2025-05-06T13:58:42.193428384-04:00,write,3852,true
client4-1746554320211117717,2025-05-06T13:58:42.193703102-04:00,read,43265,true
client4-1746554320211117717,2025-05-06T13:58:42.194315577-04:00,read,603,true
client1-1746554320211106125,2025-05-06T13:58:42.204068896-04:00,write,4599,true
client0-1746554320211099953,2025-05-06T13:58:42.206948435-04:00,write,7465,true
client0-1746554320211099953,2025-05-06T13:58:42.209739958-04:00,read,634,true
client4-1746554320211117717,2025-05-06T13:58:42.211338662-04:00,read,11495,true
client4-1746554320211117717,2025-05-06T13:58:42.211930438-04:00,read,586,true
client1-1746554320211106125,2025-05-06T13:58:42.212750885-04:00,write,3657,true
client1-1746554320211106125,2025-05-06T13:58:42.21987156-04:00,read,654,true
client0-1746554320211099953,2025-05-06T13:58:42.223516042-04:00,write,4285,true
client1-1746554320211106125,2025-05-06T13:58:42.232267482-04:00,write,3259,true
client0-1746554320211099953,2025-05-06T13:58:42.233663664-04:00,write,4640,true
client1-1746554320211106125,2025-05-06T13:58:42.239786058-04:00,read,661,true
client0-1746554320211099953,2025-05-06T13:58:42.242303845-04:00,write,3163,true
client0-1746554320211099953,2025-05-06T13:58:42.250453931-04:00,read,652,true
client1-1746554320211106125,2025-05-06T13:58:42.25046435-04:00,read,676,true
client4-1746554320211117717,2025-05-06T13:58:42.251983174-04:00,read,32239,true
client4-1746554320211117717,2025-05-06T13:58:42.255790462-04:00,write,3802,true
client1-1746554320211106125,2025-05-06T13:58:42.263567616-04:00,write,4351,true
client0-1746554320211099953,2025-05-06T13:58:42.264738643-04:00,write,5506,true
client0-1746554320211099953,2025-05-06T13:58:42.269558771-04:00,read,678,true
client1-1746554320211106125,2025-05-06T13:58:42.269715567-04:00,read,671,true
client4-1746554320211117717,2025-05-06T13:58:42.272368439-04:00,read,11730,true
client4-1746554320211117717,2025-05-06T13:58:42.272966607-04:00,read,588,true
client0-1746554320211099953,2025-05-06T13:58:42.279901682-04:00,read,757,true
client4-1746554320211117717,2025-05-06T13:58:42.2803671-04:00,read,597,true
client1-1746554320211106125,2025-05-06T13:58:42.28235116-04:00,write,3212,true
client0-1746554320211099953,2025-05-06T13:58:42.290248711-04:00,read,720,true
client1-1746554320211106125,2025-05-06T13:58:42.290265131-04:00,read,765,true
client4-1746554320211117717,2025-05-06T13:58:42.290404043-04:00,read,662,true
client0-1746554320211099953,2025-05-06T13:58:42.300297867-04:00,read,747,true
client1-1746554320211106125,2025-05-06T13:58:42.300311894-04:00,read,770,true
client4-1746554320211117717,2025-05-06T13:58:42.300395411-04:00,read,621,true
client1-1746554320211106125,2025-05-06T13:58:42.310308722-04:00,read,755,true
client0-1746554320211099953,2025-05-06T13:58:42.31294393-04:00,write,3404,true
client1-1746554320211106125,2025-05-06T13:58:42.325005111-04:00,write,5900,true
client0-1746554320211099953,2025-05-06T13:58:42.327595875-04:00,write,8499,true
client0-1746554320211099953,2025-05-06T13:58:42.333081849-04:00,write,3324,true
client1-1746554320211106125,2025-05-06T13:58:42.334407288-04:00,write,4641,true
client1-1746554320211106125,2025-05-06T13:58:42.343134302-04:00,write,3575,true
client0-1746554320211099953,2025-05-06T13:58:42.34426845-04:00,write,4695,true
client0-1746554320211099953,2025-05-06T13:58:42.35006024-04:00,read,642,true
client1-1746554320211106125,2025-05-06T13:58:42.352481205-04:00,write,3046,true
client4-1746554320211117717,2025-05-06T13:58:42.352757626-04:00,read,42997,true
client4-1746554320211117717,2025-05-06T13:58:42.353379839-04:00,read,615,true
client1-1746554320211106125,2025-05-06T13:58:42.360356092-04:00,read,800,true
client0-1746554320211099953,2025-05-06T13:58:42.362981191-04:00,write,3446,true
client0-1746554320211099953,2025-05-06T13:58:42.372597382-04:00,write,3453,true
client0-1746554320211099953,2025-05-06T13:58:42.379628539-04:00,read,622,true
client1-1746554320211106125,2025-05-06T13:58:42.380685481-04:00,write,11554,true
client1-1746554320211106125,2025-05-06T13:58:42.381334836-04:00,read,641,true
client4-1746554320211117717,2025-05-06T13:58:42.381348211-04:00,read,21607,true
client4-1746554320211117717,2025-05-06T13:58:42.381937752-04:00,read,583,true
client1-1746554320211106125,2025-05-06T13:58:42.393822831-04:00,write,4415,true
client0-1746554320211099953,2025-05-06T13:58:42.395000742-04:00,write,5579,true
client0-1746554320211099953,2025-05-06T13:58:42.399809839-04:00,read,652,true
client1-1746554320211106125,2025-05-06T13:58:42.399822643-04:00,read,674,true
client4-1746554320211117717,2025-05-06T13:58:42.403915329-04:00,write,14157,true
client4-1746554320211117717,2025-05-06T13:58:42.406468924-04:00,write,2548,true
client0-1746554320211099953,2025-05-06T13:58:42.410294376-04:00,read,690,true
client1-1746554320211106125,2025-05-06T13:58:42.413306335-04:00,write,3692,true
client1-1746554320211106125,2025-05-06T13:58:42.422621027-04:00,write,2815,true
client0-1746554320211099953,2025-05-06T13:58:42.423775945-04:00,write,3986,true
client0-1746554320211099953,2025-05-06T13:58:42.429958301-04:00,read,653,true
client1-1746554320211106125,2025-05-06T13:58:42.429973249-04:00,read,684,true
client4-1746554320211117717,2025-05-06T13:58:42.434933832-04:00,write,25129,true
client4-1746554320211117717,2025-05-06T13:58:42.43562222-04:00,read,682,true
client0-1746554320211099953,2025-05-06T13:58:42.439660163-04:00,read,648,true
client1-1746554320211106125,2025-05-06T13:58:42.439673037-04:00,read,652,true
client4-1746554320211117717,2025-05-06T13:58:42.443957355-04:00,write,3216,true
client0-1746554320211099953,2025-05-06T13:58:42.450206487-04:00,read,823,true
client4-1746554320211117717,2025-05-06T13:58:42.45051045-04:00,read,777,true
client1-1746554320211106125,2025-05-06T13:58:42.451973529-04:00,write,2598,true
client0-1746554320211099953,2025-05-06T13:58:42.459828338-04:00,read,719,true
client1-1746554320211106125,2025-05-06T13:58:42.459841744-04:00,read,717,true
client4-1746554320211117717,2025-05-06T13:58:42.460446203-04:00,read,609,true
client1-1746554320211106125,2025-05-06T13:58:42.470343083-04:00,read,743,true
client0-1746554320211099953,2025-05-06T13:58:42.473156828-04:00,write,3547,true
client0-1746554320211099953,2025-05-06T13:58:42.479976316-04:00,read,687,true
client1-1746554320211106125,2025-05-06T13:58:42.479977027-04:00,read,671,true
client4-1746554320211117717,2025-05-06T13:58:42.481514836-04:00,read,11697,true
client4-1746554320211117717,2025-05-06T13:58:42.484349461-04:00,write,2825,true
client0-1746554320211099953,2025-05-06T13:58:42.490341328-04:00,read,850,true
client4-1746554320211117717,2025-05-06T13:58:42.490621677-04:00,read,764,true
client1-1746554320211106125,2025-05-06T13:58:42.493134755-04:00,write,3629,true
client0-1746554320211099953,2025-05-06T13:58:42.499979179-04:00,read,686,true
client1-1746554320211106125,2025-05-06T13:58:42.499998716-04:00,read,689,true
client4-1746554320211117717,2025-05-06T13:58:42.502357774-04:00,write,2542,true
client1-1746554320211106125,2025-05-06T13:58:42.510225819-04:00,read,726,true
client0-1746554320211099953,2025-05-06T13:58:42.510238492-04:00,read,716,true
client1-1746554320211106125,2025-05-06T13:58:42.520433594-04:00,read,707,true
client0-1746554320211099953,2025-05-06T13:58:42.523370672-04:00,write,3660,true
client1-1746554320211106125,2025-05-06T13:58:42.530169511-04:00,read,667,true
client0-1746554320211099953,2025-05-06T13:58:42.53229597-04:00,write,2802,true
client1-1746554320211106125,2025-05-06T13:58:42.540377778-04:00,read,663,true
client0-1746554320211099953,2025-05-06T13:58:42.54325374-04:00,write,3550,true
client1-1746554320211106125,2025-05-06T13:58:42.550499782-04:00,read,796,true
client0-1746554320211099953,2025-05-06T13:58:42.552629557-04:00,write,2910,true
client1-1746554320211106125,2025-05-06T13:58:42.560161037-04:00,read,619,true
client0-1746554320211099953,2025-05-06T13:58:42.562984631-04:00,write,3457,true
client4-1746554320211117717,2025-05-06T13:58:42.565302421-04:00,write,55569,true
client4-1746554320211117717,2025-05-06T13:58:42.568909852-04:00,write,3602,true
client1-1746554320211106125,2025-05-06T13:58:42.569659345-04:00,read,696,true
client0-1746554320211099953,2025-05-06T13:58:42.571449-04:00,write,2525,true
client0-1746554320211099953,2025-05-06T13:58:42.579757024-04:00,read,594,true
client4-1746554320211117717,2025-05-06T13:58:42.582335926-04:00,read,11601,true
client1-1746554320211106125,2025-05-06T13:58:42.582583723-04:00,write,3436,true
client4-1746554320211117717,2025-05-06T13:58:42.585008896-04:00,write,2668,true
client1-1746554320211106125,2025-05-06T13:58:42.590360666-04:00,read,731,true
client0-1746554320211099953,2025-05-06T13:58:42.593393244-04:00,write,3779,true
client0-1746554320211099953,2025-05-06T13:58:42.599518893-04:00,read,631,true
client1-1746554320211106125,2025-05-06T13:58:42.599666261-04:00,read,618,true
client4-1746554320211117717,2025-05-06T13:58:42.601205232-04:00,read,11419,true
client4-1746554320211117717,2025-05-06T13:58:42.601796828-04:00,read,583,true
client0-1746554320211099953,2025-05-06T13:58:42.610057002-04:00,read,753,true
client1-1746554320211106125,2025-05-06T13:58:42.612480842-04:00,write,3189,true
client4-1746554320211117717,2025-05-06T13:58:42.615307481-04:00,write,5394,true
client4-1746554320211117717,2025-05-06T13:58:42.623301072-04:00,write,3525,true
client1-1746554320211106125,2025-05-06T13:58:42.625396723-04:00,write,5611,true
client4-1746554320211117717,2025-05-06T13:58:42.632907665-04:00,write,3102,true
client1-1746554320211106125,2025-05-06T13:58:42.634769655-04:00,write,4955,true
client1-1746554320211106125,2025-05-06T13:58:42.639574334-04:00,read,626,true
client0-1746554320211099953,2025-05-06T13:58:42.643723166-04:00,write,23922,true
client0-1746554320211099953,2025-05-06T13:58:42.647557175-04:00,write,3825,true
client1-1746554320211106125,2025-05-06T13:58:42.650377523-04:00,read,658,true
client0-1746554320211099953,2025-05-06T13:58:42.653403287-04:00,write,3694,true
client0-1746554320211099953,2025-05-06T13:58:42.663502048-04:00,write,3959,true
client1-1746554320211106125,2025-05-06T13:58:42.664647307-04:00,write,5089,true
client1-1746554320211106125,2025-05-06T13:58:42.674024227-04:00,write,4195,true
client0-1746554320211099953,2025-05-06T13:58:42.675372458-04:00,write,5565,true
client1-1746554320211106125,2025-05-06T13:58:42.680190653-04:00,read,650,true
client0-1746554320211099953,2025-05-06T13:58:42.680204288-04:00,read,680,true
client4-1746554320211117717,2025-05-06T13:58:42.687437686-04:00,write,46778,true
client4-1746554320211117717,2025-05-06T13:58:42.692152516-04:00,write,4709,true
client4-1746554320211117717,2025-05-06T13:58:42.692744512-04:00,read,583,true
client1-1746554320211106125,2025-05-06T13:58:42.693928344-04:00,write,4035,true
client1-1746554320211106125,2025-05-06T13:58:42.699697551-04:00,read,598,true
client0-1746554320211099953,2025-05-06T13:58:42.704163271-04:00,write,14288,true
client0-1746554320211099953,2025-05-06T13:58:42.704760106-04:00,read,586,true
client0-1746554320211099953,2025-05-06T13:58:42.714227266-04:00,write,4287,true
client1-1746554320211106125,2025-05-06T13:58:42.715349953-04:00,write,5434,true
client1-1746554320211106125,2025-05-06T13:58:42.723210493-04:00,write,3724,true
client0-1746554320211099953,2025-05-06T13:58:42.724351935-04:00,write,4850,true
client1-1746554320211106125,2025-05-06T13:58:42.73041171-04:00,read,694,true
client0-1746554320211099953,2025-05-06T13:58:42.73043294-04:00,read,693,true
client4-1746554320211117717,2025-05-06T13:58:42.736376556-04:00,write,35577,true
client4-1746554320211117717,2025-05-06T13:58:42.740359506-04:00,write,3973,true
client1-1746554320211106125,2025-05-06T13:58:42.740466087-04:00,read,650,true
client4-1746554320211117717,2025-05-06T13:58:42.740943467-04:00,read,575,true
client1-1746554320211106125,2025-05-06T13:58:42.750047151-04:00,read,613,true
client4-1746554320211117717,2025-05-06T13:58:42.750404866-04:00,read,634,true
client1-1746554320211106125,2025-05-06T13:58:42.760670721-04:00,read,803,true
client4-1746554320211117717,2025-05-06T13:58:42.76379409-04:00,write,3936,true
client1-1746554320211106125,2025-05-06T13:58:42.772745076-04:00,write,3400,true
client0-1746554320211099953,2025-05-06T13:58:42.774559277-04:00,write,34728,true
client0-1746554320211099953,2025-05-06T13:58:42.777730265-04:00,write,3166,true
client1-1746554320211106125,2025-05-06T13:58:42.785402571-04:00,write,5516,true
client0-1746554320211099953,2025-05-06T13:58:42.787503602-04:00,write,7601,true
client0-1746554320211099953,2025-05-06T13:58:42.790485995-04:00,read,635,true
client4-1746554320211117717,2025-05-06T13:58:42.792067858-04:00,read,21350,true
client1-1746554320211106125,2025-05-06T13:58:42.793797248-04:00,write,3958,true
client4-1746554320211117717,2025-05-06T13:58:42.795250228-04:00,write,3177,true
client1-1746554320211106125,2025-05-06T13:58:42.803605441-04:00,write,4191,true
client0-1746554320211099953,2025-05-06T13:58:42.804620655-04:00,write,5191,true
client1-1746554320211106125,2025-05-06T13:58:42.813806945-04:00,write,4040,true
client0-1746554320211099953,2025-05-06T13:58:42.814862826-04:00,write,5083,true
client1-1746554320211106125,2025-05-06T13:58:42.822569636-04:00,write,3550,true
client0-1746554320211099953,2025-05-06T13:58:42.823808161-04:00,write,4773,true
client0-1746554320211099953,2025-05-06T13:58:42.829491807-04:00,read,610,true
client1-1746554320211106125,2025-05-06T13:58:42.832753277-04:00,write,3674,true
client4-1746554320211117717,2025-05-06T13:58:42.833069252-04:00,read,33282,true
client4-1746554320211117717,2025-05-06T13:58:42.835679073-04:00,write,2599,true
client4-1746554320211117717,2025-05-06T13:58:42.840571858-04:00,read,754,true
client0-1746554320211099953,2025-05-06T13:58:42.840571758-04:00,read,743,true
client1-1746554320211106125,2025-05-06T13:58:42.840586926-04:00,read,757,true
client0-1746554320211099953,2025-05-06T13:58:42.849757366-04:00,read,617,true
client1-1746554320211106125,2025-05-06T13:58:42.849769439-04:00,read,605,true
client4-1746554320211117717,2025-05-06T13:58:42.853459456-04:00,write,3689,true
client0-1746554320211099953,2025-05-06T13:58:42.860348295-04:00,read,755,true
client1-1746554320211106125,2025-05-06T13:58:42.860354647-04:00,read,744,true
client4-1746554320211117717,2025-05-06T13:58:42.860516001-04:00,read,714,true
client0-1746554320211099953,2025-05-06T13:58:42.872715061-04:00,write,3659,true
client1-1746554320211106125,2025-05-06T13:58:42.874388306-04:00,write,5316,true
client0-1746554320211099953,2025-05-06T13:58:42.880217777-04:00,read,674,true
client1-1746554320211106125,2025-05-06T13:58:42.880233577-04:00,read,674,true
client4-1746554320211117717,2025-05-06T13:58:42.881771326-04:00,read,11277,true
client4-1746554320211117717,2025-05-06T13:58:42.884413387-04:00,write,2637,true
client4-1746554320211117717,2025-05-06T13:58:42.890501366-04:00,read,725,true
client1-1746554320211106125,2025-05-06T13:58:42.890513989-04:00,read,736,true
client4-1746554320211117717,2025-05-06T13:58:42.904715716-04:00,write,4725,true
client1-1746554320211106125,2025-05-06T13:58:42.905862207-04:00,write,5862,true
client1-1746554320211106125,2025-05-06T13:58:42.909754376-04:00,read,586,true
client4-1746554320211117717,2025-05-06T13:58:42.910400534-04:00,read,632,true
client0-1746554320211099953,2025-05-06T13:58:42.913997936-04:00,write,24236,true
client0-1746554320211099953,2025-05-06T13:58:42.914606273-04:00,read,597,true
client1-1746554320211106125,2025-05-06T13:58:42.919714314-04:00,read,630,true
client0-1746554320211099953,2025-05-06T13:58:42.922235848-04:00,write,3135,true
client0-1746554320211099953,2025-05-06T13:58:42.93039397-04:00,read,675,true
client1-1746554320211106125,2025-05-06T13:58:42.933669535-04:00,write,3965,true
client0-1746554320211099953,2025-05-06T13:58:42.939873503-04:00,read,726,true
client1-1746554320211106125,2025-05-06T13:58:42.942811943-04:00,write,3679,true
client4-1746554320211117717,2025-05-06T13:58:42.944432298-04:00,write,24685,true
client4-1746554320211117717,2025-05-06T13:58:42.945031938-04:00,read,595,true
client1-1746554320211106125,2025-05-06T13:58:42.950135551-04:00,read,712,true
client0-1746554320211099953,2025-05-06T13:58:42.950148706-04:00,read,709,true
client0-1746554320211099953,2025-05-06T13:58:42.960123863-04:00,read,843,true
client1-1746554320211106125,2025-05-06T13:58:42.962696944-04:00,write,3401,true
client4-1746554320211117717,2025-05-06T13:58:42.964529129-04:00,write,14747,true
client4-1746554320211117717,2025-05-06T13:58:42.96512369-04:00,read,590,true
client1-1746554320211106125,2025-05-06T13:58:42.96994503-04:00,read,661,true
client0-1746554320211099953,2025-05-06T13:58:42.971895828-04:00,write,2626,true
client0-1746554320211099953,2025-05-06T13:58:42.982969166-04:00,write,3942,true
client1-1746554320211106125,2025-05-06T13:58:42.983849125-04:00,write,4807,true
client1-1746554320211106125,2025-05-06T13:58:42.989659891-04:00,read,645,true
client0-1746554320211099953,2025-05-06T13:58:42.989671532-04:00,read,673,true
client4-1746554320211117717,2025-05-06T13:58:42.994585377-04:00,write,24790,true
client4-1746554320211117717,2025-05-06T13:58:42.998211784-04:00,write,3621,true
client1-1746554320211106125,2025-05-06T13:58:42.999961323-04:00,read,673,true
client0-1746554320211099953,2025-05-06T13:58:42.999975119-04:00,read,678,true
client4-1746554320211117717,2025-05-06T13:58:43.00350806-04:00,write,3704,true
client1-1746554320211106125,2025-05-06T13:58:43.010326115-04:00,read,682,true
client0-1746554320211099953,2025-05-06T13:58:43.012452714-04:00,write,2799,true
client0-1746554320211099953,2025-05-06T13:58:43.020279341-04:00,read,696,true
client1-1746554320211106125,2025-05-06T13:58:43.020292606-04:00,read,687,true
client4-1746554320211117717,2025-05-06T13:58:43.024926362-04:00,write,15082,true
client4-1746554320211117717,2025-05-06T13:58:43.025531574-04:00,read,596,true
client1-1746554320211106125,2025-05-06T13:58:43.032889847-04:00,write,3192,true
client0-1746554320211099953,2025-05-06T13:58:43.034331094-04:00,write,4648,true
client1-1746554320211106125,2025-05-06T13:58:43.040143233-04:00,read,641,true
client0-1746554320211099953,2025-05-06T13:58:43.040153422-04:00,read,673,true
client4-1746554320211117717,2025-05-06T13:58:43.041666995-04:00,read,11771,true
client4-1746554320211117717,2025-05-06T13:58:43.044593503-04:00,write,2922,true
client1-1746554320211106125,2025-05-06T13:58:43.053511868-04:00,write,3763,true
client0-1746554320211099953,2025-05-06T13:58:43.054389292-04:00,write,4655,true
client0-1746554320211099953,2025-05-06T13:58:43.060245985-04:00,read,646,true
client1-1746554320211106125,2025-05-06T13:58:43.063333045-04:00,write,3711,true
client4-1746554320211117717,2025-05-06T13:58:43.064154644-04:00,write,14404,true
client4-1746554320211117717,2025-05-06T13:58:43.067617643-04:00,write,3455,true
client1-1746554320211106125,2025-05-06T13:58:43.070529614-04:00,read,763,true
client0-1746554320211099953,2025-05-06T13:58:43.072298889-04:00,write,2548,true
client1-1746554320211106125,2025-05-06T13:58:43.080471558-04:00,read,699,true
client0-1746554320211099953,2025-05-06T13:58:43.080484843-04:00,read,699,true
client0-1746554320211099953,2025-05-06T13:58:43.08956347-04:00,read,661,true
client1-1746554320211106125,2025-05-06T13:58:43.089728501-04:00,read,646,true
client4-1746554320211117717,2025-05-06T13:58:43.094591921-04:00,write,24827,true
client4-1746554320211117717,2025-05-06T13:58:43.095162106-04:00,read,565,true
client0-1746554320211099953,2025-05-06T13:58:43.100463702-04:00,read,846,true
client4-1746554320211117717,2025-05-06T13:58:43.100596412-04:00,read,779,true
client1-1746554320211106125,2025-05-06T13:58:43.102618805-04:00,write,2987,true
client0-1746554320211099953,2025-05-06T13:58:43.109800555-04:00,read,750,true
client4-1746554320211117717,2025-05-06T13:58:43.110452535-04:00,read,641,true
client1-1746554320211106125,2025-05-06T13:58:43.113168656-04:00,write,4136,true
client0-1746554320211099953,2025-05-06T13:58:43.12042655-04:00,read,814,true
client4-1746554320211117717,2025-05-06T13:58:43.120558258-04:00,read,772,true
client1-1746554320211106125,2025-05-06T13:58:43.122426801-04:00,write,2829,true
client0-1746554320211099953,2025-05-06T13:58:43.130481097-04:00,read,676,true
client4-1746554320211117717,2025-05-06T13:58:43.130494061-04:00,read,705,true
client1-1746554320211106125,2025-05-06T13:58:43.133615446-04:00,write,3816,true
client1-1746554320211106125,2025-05-06T13:58:43.143329201-04:00,write,3545,true
client4-1746554320211117717,2025-05-06T13:58:43.144977278-04:00,write,5194,true
client1-1746554320211106125,2025-05-06T13:58:43.149720681-04:00,read,593,true
client4-1746554320211117717,2025-05-06T13:58:43.15238244-04:00,write,2629,true
client1-1746554320211106125,2025-05-06T13:58:43.16025324-04:00,read,710,true
client4-1746554320211117717,2025-05-06T13:58:43.160408172-04:00,read,638,true
client0-1746554320211099953,2025-05-06T13:58:43.164222904-04:00,write,24460,true
client0-1746554320211099953,2025-05-06T13:58:43.166987807-04:00,write,2759,true
client0-1746554320211099953,2025-05-06T13:58:43.169918262-04:00,read,768,true
client1-1746554320211106125,2025-05-06T13:58:43.172937825-04:00,write,3801,true
client4-1746554320211117717,2025-05-06T13:58:43.173836991-04:00,write,4048,true
client1-1746554320211106125,2025-05-06T13:58:43.179828828-04:00,read,718,true
client0-1746554320211099953,2025-05-06T13:58:43.182810209-04:00,write,3886,true
client0-1746554320211099953,2025-05-06T13:58:43.189574502-04:00,read,665,true
client1-1746554320211106125,2025-05-06T13:58:43.189721269-04:00,read,630,true
client4-1746554320211117717,2025-05-06T13:58:43.191245974-04:00,read,11408,true
client4-1746554320211117717,2025-05-06T13:58:43.19182232-04:00,read,570,true
client1-1746554320211106125,2025-05-06T13:58:43.199851118-04:00,read,620,true
client0-1746554320211099953,2025-05-06T13:58:43.201995872-04:00,write,2748,true
client0-1746554320211099953,2025-05-06T13:58:43.213621852-04:00,write,4238,true
client1-1746554320211106125,2025-05-06T13:58:43.21449081-04:00,write,5097,true
client0-1746554320211099953,2025-05-06T13:58:43.220454374-04:00,read,792,true
client1-1746554320211106125,2025-05-06T13:58:43.223306802-04:00,write,3666,true
client4-1746554320211117717,2025-05-06T13:58:43.224602956-04:00,write,24744,true
client4-1746554320211117717,2025-05-06T13:58:43.225191936-04:00,read,584,true
client0-1746554320211099953,2025-05-06T13:58:43.233140933-04:00,write,3796,true
client1-1746554320211106125,2025-05-06T13:58:43.23397706-04:00,write,4610,true
client1-1746554320211106125,2025-05-06T13:58:43.240021145-04:00,read,642,true
client0-1746554320211099953,2025-05-06T13:58:43.243393764-04:00,write,4027,true
client1-1746554320211106125,2025-05-06T13:58:43.250642261-04:00,read,784,true
client0-1746554320211099953,2025-05-06T13:58:43.252552933-04:00,write,2685,true
client4-1746554320211117717,2025-05-06T13:58:43.25285904-04:00,read,22089,true
client4-1746554320211117717,2025-05-06T13:58:43.253456787-04:00,read,594,true
client1-1746554320211106125,2025-05-06T13:58:43.26071921-04:00,read,798,true
client0-1746554320211099953,2025-05-06T13:58:43.263638814-04:00,write,3731,true
client1-1746554320211106125,2025-05-06T13:58:43.269655288-04:00,read,612,true
client0-1746554320211099953,2025-05-06T13:58:43.271623479-04:00,write,2589,true
client1-1746554320211106125,2025-05-06T13:58:43.279597603-04:00,read,624,true
client0-1746554320211099953,2025-05-06T13:58:43.282814308-04:00,write,3848,true
client0-1746554320211099953,2025-05-06T13:58:43.29197493-04:00,write,3079,true
client1-1746554320211106125,2025-05-06T13:58:43.293572151-04:00,write,4488,true
client4-1746554320211117717,2025-05-06T13:58:43.294604127-04:00,write,34682,true
client4-1746554320211117717,2025-05-06T13:58:43.298594761-04:00,write,3982,true
client0-1746554320211099953,2025-05-06T13:58:43.300339941-04:00,read,641,true
client4-1746554320211117717,2025-05-06T13:58:43.300634156-04:00,read,764,true
client1-1746554320211106125,2025-05-06T13:58:43.302834084-04:00,write,3144,true
client0-1746554320211099953,2025-05-06T13:58:43.309528846-04:00,read,627,true
client1-1746554320211106125,2025-05-06T13:58:43.313312219-04:00,write,4229,true
client4-1746554320211117717,2025-05-06T13:58:43.314160058-04:00,write,3545,true
client1-1746554320211106125,2025-05-06T13:58:43.320074269-04:00,read,777,true
client0-1746554320211099953,2025-05-06T13:58:43.322771775-04:00,write,3467,true
client0-1746554320211099953,2025-05-06T13:58:43.333206408-04:00,write,3272,true
client1-1746554320211106125,2025-05-06T13:58:43.334783542-04:00,write,4863,true
client0-1746554320211099953,2025-05-06T13:58:43.342594018-04:00,write,3712,true
client1-1746554320211106125,2025-05-06T13:58:43.344146675-04:00,write,5065,true
client0-1746554320211099953,2025-05-06T13:58:43.350076565-04:00,read,782,true
client4-1746554320211117717,2025-05-06T13:58:43.351768565-04:00,read,31837,true
client1-1746554320211106125,2025-05-06T13:58:43.352084671-04:00,write,2777,true
client4-1746554320211117717,2025-05-06T13:58:43.352399555-04:00,read,626,true
client1-1746554320211106125,2025-05-06T13:58:43.360280384-04:00,read,723,true
client0-1746554320211099953,2025-05-06T13:58:43.360295242-04:00,read,752,true
client0-1746554320211099953,2025-05-06T13:58:43.374226217-04:00,write,4485,true
client1-1746554320211106125,2025-05-06T13:58:43.375084706-04:00,write,5357,true
client0-1746554320211099953,2025-05-06T13:58:43.383182905-04:00,write,3954,true
client1-1746554320211106125,2025-05-06T13:58:43.384128317-04:00,write,4878,true
client1-1746554320211106125,2025-05-06T13:58:43.393035721-04:00,write,3758,true
client0-1746554320211099953,2025-05-06T13:58:43.393943743-04:00,write,4650,true
client1-1746554320211106125,2025-05-06T13:58:43.400214035-04:00,read,801,true
client0-1746554320211099953,2025-05-06T13:58:43.403188684-04:00,write,3760,true
client0-1746554320211099953,2025-05-06T13:58:43.412878663-04:00,write,3287,true
client1-1746554320211106125,2025-05-06T13:58:43.414329308-04:00,write,4750,true
client1-1746554320211106125,2025-05-06T13:58:43.42054101-04:00,read,683,true
client0-1746554320211099953,2025-05-06T13:58:43.42055153-04:00,read,679,true
client4-1746554320211117717,2025-05-06T13:58:43.426122253-04:00,write,66348,true
client4-1746554320211117717,2025-05-06T13:58:43.430282467-04:00,write,4155,true
client1-1746554320211106125,2025-05-06T13:58:43.430611227-04:00,read,719,true
client4-1746554320211117717,2025-05-06T13:58:43.432825612-04:00,write,2537,true
client1-1746554320211106125,2025-05-06T13:58:43.439793048-04:00,read,566,true
client4-1746554320211117717,2025-05-06T13:58:43.44037762-04:00,read,576,true
client0-1746554320211099953,2025-05-06T13:58:43.444481959-04:00,write,14574,true
client0-1746554320211099953,2025-05-06T13:58:43.445033188-04:00,read,547,true
client0-1746554320211099953,2025-05-06T13:58:43.452564588-04:00,write,3383,true
client1-1746554320211106125,2025-05-06T13:58:43.454090144-04:00,write,4899,true
client1-1746554320211106125,2025-05-06T13:58:43.459888236-04:00,read,669,true
client0-1746554320211099953,2025-05-06T13:58:43.461934855-04:00,write,2710,true
client1-1746554320211106125,2025-05-06T13:58:43.469757053-04:00,read,677,true
client0-1746554320211099953,2025-05-06T13:58:43.47295934-04:00,write,3894,true
client1-1746554320211106125,2025-05-06T13:58:43.479728854-04:00,read,629,true
client0-1746554320211099953,2025-05-06T13:58:43.481691945-04:00,write,2583,true
client4-1746554320211117717,2025-05-06T13:58:43.486423827-04:00,write,35826,true
client4-1746554320211117717,2025-05-06T13:58:43.487039057-04:00,read,610,true
client0-1746554320211099953,2025-05-06T13:58:43.489829407-04:00,read,647,true
client1-1746554320211106125,2025-05-06T13:58:43.489837152-04:00,read,664,true
client4-1746554320211117717,2025-05-06T13:58:43.490444517-04:00,read,605,true
client1-1746554320211106125,2025-05-06T13:58:43.500698931-04:00,read,847,true
client4-1746554320211117717,2025-05-06T13:58:43.502928835-04:00,write,3076,true
client0-1746554320211099953,2025-05-06T13:58:43.510967251-04:00,read,11128,true
client1-1746554320211106125,2025-05-06T13:58:43.513217454-04:00,write,4130,true
client0-1746554320211099953,2025-05-06T13:58:43.514045244-04:00,write,3070,true
client1-1746554320211106125,2025-05-06T13:58:43.519957912-04:00,read,759,true
client0-1746554320211099953,2025-05-06T13:58:43.523044081-04:00,write,3856,true
client1-1746554320211106125,2025-05-06T13:58:43.529965551-04:00,read,778,true
client0-1746554320211099953,2025-05-06T13:58:43.532269044-04:00,write,3073,true
client4-1746554320211117717,2025-05-06T13:58:43.535917523-04:00,write,25407,true
client4-1746554320211117717,2025-05-06T13:58:43.536490864-04:00,read,568,true
client0-1746554320211099953,2025-05-06T13:58:43.540309263-04:00,read,666,true
client1-1746554320211106125,2025-05-06T13:58:43.542509591-04:00,write,2877,true
client1-1746554320211106125,2025-05-06T13:58:43.550603412-04:00,read,695,true
client0-1746554320211099953,2025-05-06T13:58:43.550605125-04:00,read,681,true
client0-1746554320211099953,2025-05-06T13:58:43.559694181-04:00,read,647,true
client1-1746554320211106125,2025-05-06T13:58:43.56299776-04:00,write,3942,true
client4-1746554320211117717,2025-05-06T13:58:43.564056526-04:00,write,24227,true
client4-1746554320211117717,2025-05-06T13:58:43.564639515-04:00,read,579,true
client1-1746554320211106125,2025-05-06T13:58:43.569799454-04:00,read,774,true
client0-1746554320211099953,2025-05-06T13:58:43.572728396-04:00,write,3714,true
client1-1746554320211106125,2025-05-06T13:58:43.579971463-04:00,read,776,true
client0-1746554320211099953,2025-05-06T13:58:43.582072865-04:00,write,2861,true
client0-1746554320211099953,2025-05-06T13:58:43.590146056-04:00,read,640,true
client1-1746554320211106125,2025-05-06T13:58:43.593806147-04:00,write,4307,true
client4-1746554320211117717,2025-05-06T13:58:43.594680996-04:00,write,24872,true
client4-1746554320211117717,2025-05-06T13:58:43.595274385-04:00,read,586,true
client0-1746554320211099953,2025-05-06T13:58:43.600364622-04:00,read,673,true
client1-1746554320211106125,2025-05-06T13:58:43.600372517-04:00,read,668,true
client0-1746554320211099953,2025-05-06T13:58:43.610161634-04:00,read,653,true
client1-1746554320211106125,2025-05-06T13:58:43.613427321-04:00,write,3895,true
client4-1746554320211117717,2025-05-06T13:58:43.614310245-04:00,write,14437,true
client4-1746554320211117717,2025-05-06T13:58:43.617763917-04:00,write,3449,true
client4-1746554320211117717,2025-05-06T13:58:43.629070254-04:00,write,9135,true
client1-1746554320211106125,2025-05-06T13:58:43.630391886-04:00,write,10451,true
client4-1746554320211117717,2025-05-06T13:58:43.632873815-04:00,write,2732,true
client1-1746554320211106125,2025-05-06T13:58:43.634360619-04:00,write,3964,true
client1-1746554320211106125,2025-05-06T13:58:43.642467894-04:00,write,2963,true
client4-1746554320211117717,2025-05-06T13:58:43.643886589-04:00,write,4051,true
client1-1746554320211106125,2025-05-06T13:58:43.64965253-04:00,read,606,true
client4-1746554320211117717,2025-05-06T13:58:43.651335944-04:00,read,597,true
client0-1746554320211099953,2025-05-06T13:58:43.652878983-04:00,read,32956,true
client0-1746554320211099953,2025-05-06T13:58:43.655443899-04:00,write,2556,true
client1-1746554320211106125,2025-05-06T13:58:43.660426704-04:00,read,810,true
client0-1746554320211099953,2025-05-06T13:58:43.663202948-04:00,write,3601,true
client1-1746554320211106125,2025-05-06T13:58:43.670122765-04:00,read,783,true
client0-1746554320211099953,2025-05-06T13:58:43.672187899-04:00,write,2863,true
client1-1746554320211106125,2025-05-06T13:58:43.680230943-04:00,read,681,true
client0-1746554320211099953,2025-05-06T13:58:43.680232165-04:00,read,672,true
client4-1746554320211117717,2025-05-06T13:58:43.682856564-04:00,read,23055,true
client4-1746554320211117717,2025-05-06T13:58:43.686827971-04:00,write,3965,true
client0-1746554320211099953,2025-05-06T13:58:43.689541287-04:00,read,641,true
client1-1746554320211106125,2025-05-06T13:58:43.692595996-04:00,write,3515,true
client4-1746554320211117717,2025-05-06T13:58:43.694091336-04:00,write,3463,true
client0-1746554320211099953,2025-05-06T13:58:43.700136794-04:00,read,668,true
client4-1746554320211117717,2025-05-06T13:58:43.700440807-04:00,read,617,true
client1-1746554320211106125,2025-05-06T13:58:43.70207054-04:00,write,2589,true
client1-1746554320211106125,2025-05-06T13:58:43.7133465-04:00,write,3821,true
client0-1746554320211099953,2025-05-06T13:58:43.714192355-04:00,write,4681,true
client1-1746554320211106125,2025-05-06T13:58:43.720423623-04:00,read,761,true
client0-1746554320211099953,2025-05-06T13:58:43.723118003-04:00,write,3470,true
client0-1746554320211099953,2025-05-06T13:58:43.732551349-04:00,write,3031,true
client1-1746554320211106125,2025-05-06T13:58:43.734059532-04:00,write,4526,true
client0-1746554320211099953,2025-05-06T13:58:43.739821476-04:00,read,615,true
client1-1746554320211106125,2025-05-06T13:58:43.73982894-04:00,read,605,true
client4-1746554320211117717,2025-05-06T13:58:43.74242264-04:00,read,32545,true
client4-1746554320211117717,2025-05-06T13:58:43.742981644-04:00,read,555,true
client0-1746554320211099953,2025-05-06T13:58:43.749905078-04:00,read,780,true
client1-1746554320211106125,2025-05-06T13:58:43.752151353-04:00,write,3017,true
client4-1746554320211117717,2025-05-06T13:58:43.753557634-04:00,write,3777,true
client0-1746554320211099953,2025-05-06T13:58:43.760459317-04:00,read,752,true
client1-1746554320211106125,2025-05-06T13:58:43.762366012-04:00,write,2643,true
client0-1746554320211099953,2025-05-06T13:58:43.770376255-04:00,read,852,true
client1-1746554320211106125,2025-05-06T13:58:43.773270261-04:00,write,3731,true
client4-1746554320211117717,2025-05-06T13:58:43.774158766-04:00,write,14416,true
client4-1746554320211117717,2025-05-06T13:58:43.777716694-04:00,write,3551,true
client0-1746554320211099953,2025-05-06T13:58:43.780535379-04:00,read,686,true
client1-1746554320211106125,2025-05-06T13:58:43.780540388-04:00,read,681,true
client4-1746554320211117717,2025-05-06T13:58:43.780560987-04:00,read,702,true
client0-1746554320211099953,2025-05-06T13:58:43.790464579-04:00,read,775,true
client1-1746554320211106125,2025-05-06T13:58:43.790475079-04:00,read,777,true
client4-1746554320211117717,2025-05-06T13:58:43.790608931-04:00,read,695,true
client1-1746554320211106125,2025-05-06T13:58:43.802977361-04:00,write,3226,true
client0-1746554320211099953,2025-05-06T13:58:43.80459964-04:00,write,4837,true
client1-1746554320211106125,2025-05-06T13:58:43.810552353-04:00,read,792,true
client0-1746554320211099953,2025-05-06T13:58:43.812367335-04:00,write,2621,true
client0-1746554320211099953,2025-05-06T13:58:43.823131891-04:00,write,3623,true
client1-1746554320211106125,2025-05-06T13:58:43.824012581-04:00,write,4513,true
client1-1746554320211106125,2025-05-06T13:58:43.829789633-04:00,read,664,true
client0-1746554320211099953,2025-05-06T13:58:43.829802147-04:00,read,664,true
client4-1746554320211117717,2025-05-06T13:58:43.832428839-04:00,read,32686,true
client4-1746554320211117717,2025-05-06T13:58:43.833021547-04:00,read,586,true
client1-1746554320211106125,2025-05-06T13:58:43.839968034-04:00,read,799,true
client0-1746554320211099953,2025-05-06T13:58:43.843056457-04:00,write,3873,true
client0-1746554320211099953,2025-05-06T13:58:43.852380637-04:00,write,3173,true
client1-1746554320211106125,2025-05-06T13:58:43.853902536-04:00,write,4708,true
client1-1746554320211106125,2025-05-06T13:58:43.859710617-04:00,read,664,true
client0-1746554320211099953,2025-05-06T13:58:43.861905926-04:00,write,2847,true
client1-1746554320211106125,2025-05-06T13:58:43.873037463-04:00,write,3650,true
client0-1746554320211099953,2025-05-06T13:58:43.873934184-04:00,write,4559,true
client1-1746554320211106125,2025-05-06T13:58:43.879945268-04:00,read,637,true
client0-1746554320211099953,2025-05-06T13:58:43.879966648-04:00,read,642,true
client4-1746554320211117717,2025-05-06T13:58:43.886637155-04:00,write,46815,true
client4-1746554320211117717,2025-05-06T13:58:43.887216627-04:00,read,572,true
client1-1746554320211106125,2025-05-06T13:58:43.890038477-04:00,read,670,true
client0-1746554320211099953,2025-05-06T13:58:43.890041914-04:00,read,657,true
client4-1746554320211117717,2025-05-06T13:58:43.890377707-04:00,read,629,true
client0-1746554320211099953,2025-05-06T13:58:43.902946374-04:00,write,3109,true
client1-1746554320211106125,2025-05-06T13:58:43.904581217-04:00,write,4724,true
client0-1746554320211099953,2025-05-06T13:58:43.909632801-04:00,read,637,true
client1-1746554320211106125,2025-05-06T13:58:43.909646427-04:00,read,637,true
client4-1746554320211117717,2025-05-06T13:58:43.913410884-04:00,write,13556,true
client4-1746554320211117717,2025-05-06T13:58:43.917060505-04:00,write,3645,true
client0-1746554320211099953,2025-05-06T13:58:43.920208971-04:00,read,801,true
client1-1746554320211106125,2025-05-06T13:58:43.922060843-04:00,write,2669,true
client1-1746554320211106125,2025-05-06T13:58:43.929893982-04:00,read,681,true
client0-1746554320211099953,2025-05-06T13:58:43.932898566-04:00,write,3702,true
client0-1746554320211099953,2025-05-06T13:58:43.939842819-04:00,read,808,true
client1-1746554320211106125,2025-05-06T13:58:43.941702255-04:00,write,2676,true
client4-1746554320211117717,2025-05-06T13:58:43.945137482-04:00,write,25405,true
client4-1746554320211117717,2025-05-06T13:58:43.947630923-04:00,write,2489,true
client4-1746554320211117717,2025-05-06T13:58:43.950409572-04:00,read,648,true
client1-1746554320211106125,2025-05-06T13:58:43.950445339-04:00,read,674,true
client1-1746554320211106125,2025-05-06T13:58:43.963743181-04:00,write,4146,true
client4-1746554320211117717,2025-05-06T13:58:43.964587643-04:00,write,4780,true
client4-1746554320211117717,2025-05-06T13:58:43.971685125-04:00,read,1944,true
client1-1746554320211106125,2025-05-06T13:58:43.973283749-04:00,write,3558,true
client4-1746554320211117717,2025-05-06T13:58:43.980595405-04:00,read,776,true
client1-1746554320211106125,2025-05-06T13:58:43.982220679-04:00,write,2794,true
client0-1746554320211099953,2025-05-06T13:58:43.985160131-04:00,write,35388,true
client0-1746554320211099953,2025-05-06T13:58:43.985759351-04:00,read,595,true
client1-1746554320211106125,2025-05-06T13:58:43.99073403-04:00,read,801,true
client4-1746554320211117717,2025-05-06T13:58:43.992631528-04:00,write,2709,true
client4-1746554320211117717,2025-05-06T13:58:44.00084851-04:00,read,1036,true
client1-1746554320211106125,2025-05-06T13:58:44.003595229-04:00,write,3772,true
client0-1746554320211099953,2025-05-06T13:58:44.004499574-04:00,write,14553,true
client0-1746554320211099953,2025-05-06T13:58:44.008115852-04:00,write,3611,true
client1-1746554320211106125,2025-05-06T13:58:44.009818382-04:00,read,617,true
client0-1746554320211099953,2025-05-06T13:58:44.01175839-04:00,write,2543,true
client0-1746554320211099953,2025-05-06T13:58:44.019977937-04:00,read,765,true
client4-1746554320211117717,2025-05-06T13:58:44.021531667-04:00,read,11701,true
client4-1746554320211117717,2025-05-06T13:58:44.022124925-04:00,read,588,true
client1-1746554320211106125,2025-05-06T13:58:44.023164255-04:00,write,3964,true
client0-1746554320211099953,2025-05-06T13:58:44.030310669-04:00,read,727,true
client4-1746554320211117717,2025-05-06T13:58:44.030432919-04:00,read,651,true
client1-1746554320211106125,2025-05-06T13:58:44.032400609-04:00,write,2803,true
client1-1746554320211106125,2025-05-06T13:58:44.040604146-04:00,read,797,true
client0-1746554320211099953,2025-05-06T13:58:44.04358146-04:00,write,3803,true
client0-1746554320211099953,2025-05-06T13:58:44.049592292-04:00,read,681,true
client1-1746554320211106125,2025-05-06T13:58:44.049754498-04:00,read,658,true
client4-1746554320211117717,2025-05-06T13:58:44.0533303-04:00,write,13531,true
client4-1746554320211117717,2025-05-06T13:58:44.053920583-04:00,read,583,true
client1-1746554320211106125,2025-05-06T13:58:44.063494103-04:00,write,4151,true
client0-1746554320211099953,2025-05-06T13:58:44.064495441-04:00,write,5139,true
client1-1746554320211106125,2025-05-06T13:58:44.070562199-04:00,read,662,true
client0-1746554320211099953,2025-05-06T13:58:44.070576907-04:00,read,660,true
client4-1746554320211117717,2025-05-06T13:58:44.075013312-04:00,write,14242,true
client4-1746554320211117717,2025-05-06T13:58:44.075615878-04:00,read,598,true
client0-1746554320211099953,2025-05-06T13:58:44.079643612-04:00,read,628,true
client1-1746554320211106125,2025-05-06T13:58:44.082791036-04:00,write,3788,true
client4-1746554320211117717,2025-05-06T13:58:44.084449573-04:00,write,3716,true
client1-1746554320211106125,2025-05-06T13:58:44.090781692-04:00,read,854,true
client4-1746554320211117717,2025-05-06T13:58:44.092681514-04:00,write,2764,true
client1-1746554320211106125,2025-05-06T13:58:44.10270946-04:00,write,3671,true
client0-1746554320211099953,2025-05-06T13:58:44.10367437-04:00,write,13738,true
client0-1746554320211099953,2025-05-06T13:58:44.104296653-04:00,read,618,true
client0-1746554320211099953,2025-05-06T13:58:44.11058555-04:00,read,784,true
client1-1746554320211106125,2025-05-06T13:58:44.113552073-04:00,write,3768,true
client4-1746554320211117717,2025-05-06T13:58:44.114698825-04:00,write,14259,true
client4-1746554320211117717,2025-05-06T13:58:44.115309206-04:00,read,606,true
client1-1746554320211106125,2025-05-06T13:58:44.123041254-04:00,write,3564,true
client0-1746554320211099953,2025-05-06T13:58:44.123965998-04:00,write,4478,true
client1-1746554320211106125,2025-05-06T13:58:44.129727791-04:00,read,630,true
client0-1746554320211099953,2025-05-06T13:58:44.129745715-04:00,read,626,true
client4-1746554320211117717,2025-05-06T13:58:44.131434329-04:00,read,11615,true
client4-1746554320211117717,2025-05-06T13:58:44.135392672-04:00,write,3951,true
